{
    "fileName": "AdvantageKit.json",
    "name": "AdvantageKit",
    "version": "3.2.1",
    "uuid": "d820cc26-74e3-11ec-90d6-0242ac120003",
    "frcYear": "2024",
    "mavenUrls": [],
    "jsonUrl": "https://github.com/Mechanical-Advantage/AdvantageKit/releases/latest/download/AdvantageKit.json",
    "javaDependencies": [        
        {
            "groupId": "org.littletonrobotics.akit.junction",
            "artifactId": "wpilib-shim",
            "version": "3.2.1"
        },        
        {
            "groupId": "org.littletonrobotics.akit.junction",
            "artifactId": "junction-core",
            "version": "3.2.1"
        },        
        {
            "groupId": "org.littletonrobotics.akit.conduit",
            "artifactId": "conduit-api",
            "version": "3.2.1"
        }
    ],
    "jniDependencies": [        
        {
            "groupId": "org.littletonrobotics.akit.conduit",
            "artifactId": "conduit-wpilibio",
            "version": "3.2.1",
            "skipInvalidPlatforms": false,
            "isJar": false,
            "validPlatforms": [
                "linuxathena",
                "windowsx86-64",
                "linuxx86-64",
                "osxuniversal"
            ]
        }
    ],
    "cppDependencies": []
}